"zip","type","primary_city","acceptable_cities","unacceptable_cities","state","county","timezone","area_codes","latitude","longitude","world_region","country","decommissioned","estimated_population","notes"
"00501","UNIQUE","Holtsville",,"I R S Service Center","NY","Suffolk County","America/New_York","631","40.81","-73.04","NA","US","0","384",
"00544","UNIQUE","Holtsville",,"Irs Service Center","NY","Suffolk County","America/New_York","631","40.81","-73.04","NA","US","0","0",
"00601","STANDARD","Adjuntas",,"Colinas Del Gigante, Jard De Adjuntas, Urb San Joaquin","PR","Adjuntas","America/Puerto_Rico","787,939","18.16","-66.72","NA","US","0","0",
"00602","STANDARD","Aguada",,"Alts De Aguada, Bo Guaniquilla, Comunidad Las Flores, Ext Los Robles, Urb Isabel La Catolica","PR",,,"787","18.38","-67.18","NA","US","0","0",
"00603","STANDARD","Aguadilla","Ramey","Bda Caban, Bda Esteves, Bo Borinquen, Bo Ceiba Baja, Ext El Prado, Ext Marbella, Repto Jimenez, Repto Juan Aguiar, Repto Lopez, Repto Tres Palmas, Sect Las Villas, Urb Borinquen, Urb El Prado, Urb Esteves, Urb Garcia, Urb Las Americas, Urb Las Casitas Country Club, Urb Maleza Gdns, Urb Marbella, Urb Ramey, Urb Rubianes, Urb San Carlos, Urb Santa Marta, Urb Victoria, Villa Alegria, Villa Linda, Villa Lydia, Villa Universitaria, Villas De Almeria, Vista Alegre, Vista Verde","PR","Aguadilla","America/Puerto_Rico","787","18.43","-67.15","NA","US","0","0",
"00604","PO BOX","Aguadilla","Ramey",,"PR",,,,"18.43","-67.15","NA","US","0","0",
"00605","PO BOX","Aguadilla",,,"PR",,,,"18.43","-67.15","NA","US","0","0",
"00606","STANDARD","Maricao",,"Urb San Juan Bautista","PR","Maricao","America/Puerto_Rico","787,939","18.18","-66.98","NA","US","0","0",
"00610","STANDARD","Anasco",,"Brisas De Anasco, Est De Valle Verde, Jard De Anasco, Paseo Del Valle, Repto Daguey, Urb San Antonio","PR",,,"787","18.28","-67.14","NA","US","0","0",
"00611","PO BOX","Angeles",,,"PR",,,,"18.28","-66.79","NA","US","0","0","no NWS data, "
"00612","STANDARD","Arecibo",,"Alt De Juncos, Alt De San Felipe, Bda Duhamel, Bo El Pasaje, Bo Islote, Bo Islote Ii, Bo Jarealitos, Bo Obrero, Bo Santana, Comunidad Buenos Aires, Est De Arecibo, Est De Balseiro, Ext Marisol, Ext Tanama, Ext Villa Los Santos I, Ext Villa Los Santos Ii, Hacienda Toledo, Jard De Arecibo, Jard De San Rafael, Parc Mattey, Parc Navas, Parc Perez, Parc Rodriguez Olmo, Parq De Jardines, Paseos Reales, Repto Marquez, Repto San Jose, Repto San Juan, Sect Abra, Sect El Cano, Sect Las Animas, Sect Muelle, Urb Arecibo Gdns, Urb College Park Iv, Urb Costas Del Atlantico, Urb El Paraiso, Urb Factor, Urb Garcia, Urb Garden View, Urb La Mucura, Urb Las Brisas, Urb Los Llanos, Urb Los Pinos, Urb Los Pinos Ii, Urb Marisol, Urb Martell, Urb Ocean Vw, Urb Radioville, Urb Regional, Urb San Daniel, Urb San Felipe, Urb San Lorenzo, Urb Tanama, Urb University Gdns, Urb Victor Rojas 1, Urb Victor Rojas 2, Urb Villamar, Urb Zeno Gandia, Valle Escondido, Villa Los Santos, Villa Lucia, Villa Serena, Villa Toledo, Villas Del Capitan, Villas Del Sol, Vista Azul, Vista Del Atlantico","PR","Arecibo","America/Puerto_Rico","787","18.45","-66.73","NA","US","0","0",
"00613","PO BOX","Arecibo",,,"PR",,,,"18.45","-66.73","NA","US","0","0",
"00614","PO BOX","Arecibo",,,"PR",,,,"18.45","-66.73","NA","US","0","0",
"00616","STANDARD","Bajadero",,"Brisas Del Valle","PR","Arecibo","America/Puerto_Rico",,"18.4","-66.66","NA","US","0","0",
"00617","STANDARD","Barceloneta",,"Bda Catalana, Brisas De Llanadas, Brisas Del Monte, Est De Barceloneta, Est De Florida, Ext Est De Imbery, Ext Parc Punta Palmas, Parc Garrochales, Parc Imbery, Parc Magueyes, Parc Palenque, Parc Punta Palmas, Parc Tiburon, Repto Las Llanadas, Urb Cataluna, Urb Cimarrona Ct, Urb Las Delicias, Urb Las Praderas, Urb Ortega, Urb Plazuela Estates, Urb Sol Naciente, Villa Barcelona, Villa Central, Villa Georgetti, Villas De La Sabana","PR","Barceloneta","America/Puerto_Rico","787","18.45","-66.53","NA","US","0","0",
"00622","STANDARD","Boqueron",,"Villa Taina","PR",,,"787","17.99","-67.15","NA","US","0","0",
"00623","STANDARD","Cabo Rojo",,"Alts De Joyuda, Alts Del Mar, Bo Ballaja, Bo Monte Grande, Est De Miramar, Est Reales, Ext Elizabeth, Ext La Concepcion, Ext Parc Elizabeth, Ext Sierra Linda, Haciendas De Belvedere, Haciendas De Cabo Rojo, Haciendas De Miramar, Jard Del Puerto, Mans De Cabo Rojo, Mansiones, Parc Betances, Parc Elizabeth, Parc Las Margaritas, Parc Las 35, Parc Puerto Real, Qtas De Cabo Rojo, Repto Miradero, Repto Oliveras, Urb Alta Vista, Urb Ana Maria, Urb Borinquen, Urb El Retiro, Urb Elizabeth, Urb Kofresi, Urb La Concepcion, Urb Monte Grande, Urb Montesol, Urb Ramirez, Urb Remanso De Cabo Rojo, Urb San Miguel, Urb Sierra Linda, Villa Aida, Villa Del Carmen, Villa Luisa, Villas De Plan Bonito","PR",,,"787","18.08","-67.14","NA","US","0","0",
"00624","STANDARD","Penuelas",,"Alt De Penuelas Ii, Alts De Penuelas, Brisas De Guayanes, Colinas De Penuelas, Ext Alts De Penuelas Ii, Jard De Penuelas, Repto Kennedy, Sect Mal Paso, Urb El Madrigal, Urb Guayanes, Urb Monte Verde, Urb Penuelas Valley, Urb Rio Sol, Urb Riverside, Urb Sagrado Corazon, Villa Esmeralda, Vista Bahia","PR",,,"787","18.06","-66.72","NA","US","0","0",
"00627","STANDARD","Camuy",,"Alts El Maestro, Sect Pena, Urb Del Carmen, Urb Las Veredas, Urb Linda Vista, Vistas De Camuy","PR",,,"787","18.48","-66.84","NA","US","0","0",
"00631","PO BOX","Castaner","Adjuntas",,"PR",,,,"18.19","-66.82","NA","US","0","0",
"00636","PO BOX","Rosario",,,"PR",,,,"18.15","-67.06","NA","US","0","0",
"00637","STANDARD","Sabana Grande",,"Alts De San Jose, Bda San Isidro, Est Del Rio, Ext San Jose 2, Parc Maginas, Parc Susua, Urb El Arrendado, Urb La Milagrosa, Urb San Miguel, Urb Santa Ana, Urb Santa Elena, Urb Santa Maria, Vistas De Sabana Grande","PR",,,"787","18.08","-66.96","NA","US","0","0",
"00638","STANDARD","Ciales",,"Qtas De Ciales, Urb Dos Rios, Urb Los Llanos, Urb Monte Rey","PR",,,"787","18.33","-66.47","NA","US","0","0",
"00641","STANDARD","Utuado",,"Alts De Utuado, Bda Nueva, Ext San Martin, Jard De Bubao, Sect Bella Vista, Sect Cercadillo, Sect Vendrell, Urb Cabrera, Urb Jesus M Lago, Urb Perez Matos, Urb San Martin","PR",,,"787","18.27","-66.7","NA","US","0","0",
"00646","STANDARD","Dorado",,"Bo Arenal, Bo Saldinera, Bosque Dorado, Chalets De Dorado, Comunidad Arenales, Comunidad Arenales Ii, Hacienda Mi Querido Viejo, Jard De Dorado, Jard Dorado, Parc El Cotto, Parc Mameyal, Parc San Antonio, Paseo Del Mar, Paseo Del Sol, Paseo Las Olas, Paseo Las Palmas, Paseo Los Corales, Paseo Los Corales Ii, Paseo Real, Qtas De Dorado, Sect La Aldea, Urb Costa De Oro, Urb Dorado Country Ests, Urb Dorado Del Mar, Urb Dorado Reef, Urb Doraville, Urb Gables Breeze, Urb Golden Hls, Urb Los Montes, Urb Los Prados Norte, Urb Los Prados Sur, Urb Martorell, Urb Miraflores, Urb Monte Bello, Urb Monte Elena, Urb Monte Mayor, Urb Monte Verde, Urb Montelindo, Urb Montereal, Urb Paisajes De Dorado, Urb Palmar Dorado Norte, Urb Sabanera Dorado, Urb Santa Barbara, Urb The Clusters, Urb The Estates, Valle Dorado, Villa Plata, Villa Santa, Villa Santa Ii","PR",,,"787","18.47","-66.27","NA","US","0","0",
"00647","STANDARD","Ensenada",,"Urb Baco","PR",,,,"17.96","-66.94","NA","US","0","0",
"00650","STANDARD","Florida",,"Alt De Florida, Est De Arroyo, Repto Seoane, Urb Altos De Florida, Urb Las Flores, Urb Vegas De Florida","PR",,,"787,939","18.36","-66.56","NA","US","0","0",
"00652","STANDARD","Garrochales",,"Hacienda De Garrochales, Urb Los Jardines","PR","Arecibo","America/Puerto_Rico","787","18.45","-66.6","NA","US","0","0",
"00653","STANDARD","Guanica",,"Bda Esperanza, Bo La Luna, Urb Bahia, Urb Sagrado Corazon, Urb Santa Clara, Vista Mar","PR",,,"787","17.97","-66.93","NA","US","0","0",
"00656","STANDARD","Guayanilla",,"Bda Guaydia, Bo Los Sitios, Ext Santa Elena 2, Ext Santa Elena 3, Urb La Concepcion, Urb Monte Claro, Urb San Augusto, Urb Santa Elena, Urb Santa Elena 2, Urb Santa Maria, Urb Stella, Villa Del Rio","PR",,,"787","18.02","-66.79","NA","US","0","0",
"00659","STANDARD","Hatillo",,"Alt De Hatillo, Bda Clan, Brisas De Hatillo, Colinas De Hatillo, Est De Carrizales, Est De La Ceiba, Ext San Ramon, Ext Villa Del Carmen, Parc Santa Rosa, Sect Aviles, Urb Corales De Hatillo, Urb Costa Norte, Urb Hatillo Del Mar, Urb Las Palmas, Urb Mar Azul, Valle Verde, Villa Del Carmen","PR",,,,"18.48","-66.82","NA","US","0","0",
"00660","STANDARD","Hormigueros",,"Bo Lavadero, Colinas Del Oeste, Est Del Rio, Hacienda La Monserrate, Haciendas Constancia, Parc San Romualdo, Urb Montebello, Urb Verdun, Urb Verdun Ii, Valle Hermoso, Villa Zoraida","PR",,,"787","18.14","-67.12","NA","US","0","0",
"00662","STANDARD","Isabela",,"Alt Del Mar, Bda La Mayor, Brisas Del Canal, Comunidad Capiro, Comunidad El Canon, Comunidad El Ramal, Comunidad Guanabano, Comunidad Los Pinos, Comunidad Los Ponce, Comunidad Mantilla, Comunidad Ramal, Comunidad Sonuco, Est Del Paraiso, Est Velazquez, Ext Villa Espana, Haciendas De Isabela, Jard Miramar, Mans Del Atlantico, Parc Cotto, Parc Mora Guerrero, Pradera Real, Qtas Del Atlantico, Repto Apolonio Velez Ramos, Repto Capella, Repto Duran, Repto Jerusalen, Repto Las Brisas, Repto Miraflores, Repto Monte Claro, Repto San Antonio, Repto Santa Maria, Repto Vega Badillo, Repto Villa Y Mar, Repto Yomaira, Res Lomas Del Sol, Sect Cachichuelas, Sect California, Sect Casimiro Perez, Sect La Media Cuerda, Sect La Pra, Sect Las Colinas, Sect Las Marias, Sect Las Uvas, Sect Los Toledo, Sect Pueblo Nuevo, Sect Rotarios, Sect San Antonio De La Tuna, Sect Tocones, Sect Verdum, Sect Villa Luna, Urb Costa Brava, Urb Domenech, Urb Figueroa, Urb Hau, Urb Islazul, Urb Lamela, Urb Las Ceibas, Urb Las Flores, Urb Las 3t, Urb Llanos De Isabela, Urb Manuel Corchado, Urb Medina, Urb Salvador Rios, Urb Santa Rosa, Urb Santa Teresita, Urb Sol Y Mar, Villa Acevedo, Villa Gamal, Villa Karen, Villa Lydia, Villa Mizei, Villa Pesquera, Vista Verde, Vistas Del Atlantico","PR",,,"787","18.5","-67.02","NA","US","0","0",
"00664","STANDARD","Jayuya",,"Alts De Borinquen, Alts De Jayuya, Jard De Jayuya, Urb Hayuya, Urb La Colina, Urb La Monserrate, Urb Vega Linda, Valle Verde","PR",,,"787","18.22","-66.59","NA","US","0","0",
"00667","STANDARD","Lajas",,"Bda Nicolin Perez, Bda Tomei, Est De Lajas, Est Del Parra, Ext El Valle 2, Jard De Lajas, Parq Real, Urb El Valle, Urb Linda Vista","PR",,,"787,939","18.04","-67.06","NA","US","0","0",
"00669","STANDARD","Lares",,"Haciendas De Borinquen Ii, Urb Buena Vista","PR",,,"787","18.29","-66.88","NA","US","0","0",
"00670","STANDARD","Las Marias",,"Jard De Las Marias, Urb El Bosque, Urb El Coqui, Urb Lavergne","PR",,,"787,939","18.27","-67.06","NA","US","0","0",
"00674","STANDARD","Manati",,"Alts De Manati, Bda San Jose, Brisas De Mar Chiquita, Colina Del Mar, Est De Manati, Est De Valle Verde, Est Marylin, Ext Oneill, Ext San Salvador, Hacienda Hermanas Mena, Hacienda La Monserrate, Jard De Monaco 1, Jard De Monaco 2, Jard De Monaco 3, Lomas Del Manatuabon, Parc La Luisa, Parc Marquez, Repto Garcia, Repto Geovani, Repto Marista, Repto Rosello, Urb Atenas, Urb Camino Del Sol Ii, Urb Flamboyan, Urb Las Gardenias, Urb Los Rosales, Urb Luchetti, Urb Manati Chalets, Urb Monte Verde, Urb Oneill, Urb Portofino, Urb San Salvador, Urb Santa Teresa, Valle De Tierras Nuevas, Valle Encantado, Valles De Manati, Villa Beatriz, Villa Evangelina, Villa Forestal, Villa Maria, Villa Nitza, Villas Del Manati, Villas Tesoro","PR",,,"787","18.43","-66.48","NA","US","0","0",
"00676","STANDARD","Moca",,"Hacienda La Monserrate, Parc Lomas Verdes, Parc Sabana, Res Edad Dorada, Urb Las Palmas, Urb Los Robles, Urb Moca Gdns, Villa Deloamit, Villa Mercedes, Villa Soto","PR",,,"787","18.39","-67.11","NA","US","0","0",
"00677","STANDARD","Rincon",,"Comunidad Estella, Comunidad Stella, Ext Jard De Rincon, Jard De Rincon, Urb Cerro Los Pobres, Urb Las Lomas, Urb Palma Real, Urb Sea Beach Colony, Villas De La Pradera, Vista Azul","PR",,,"787,939","18.34","-67.25","NA","US","0","0",
"00678","STANDARD","Quebradillas",,"Bo Cacao, Brisas Tropical, Parc Chivas, Parc Terranova, Parq Del Retiro, Repto Kennedy, Urb Avila, Urb Dos Ceibas, Urb El Retiro, Urb La Romana, Urb Santa Marina, Villa Norma","PR",,,"787","18.47","-66.93","NA","US","0","0",
"00680","STANDARD","Mayaguez",,"Bo Balboa, Bo Barcelona, Bo Broadway, Bo Buena Vista, Bo Cantera, Bo Carcel, Bo Colombia, Bo La Quinta, Bo Liceo, Bo Mineral, Bo Paris, Bo Rio Hondo, Bo Sabalos, Bo Salud, Bo Santurce, Ext Belmonte, Lomas Verdes, Repto Antillano, Repto Brisas De Rio Hondo, Repto Flamboyan, Repto Macias, Repto San Miguel, Urb Alemany, Urb Belmonte, Urb Ensanche Ramirez, Urb Ensanche Vivaldi, Urb Flor Del Valle, Urb La Estancia, Urb Monterey, Urb Paraiso De Mayaguez, Urb Ponce De Leon, Urb Pura Brisa, Urb Rio Cristal, Urb Santa Maria, Urb Sultana, Villa Angelica, Villa Gerena, Villa India, Villa Sultanita, Villas De Felisa, Villas Del Rio, Villas Del Sol","PR",,,"787","18.2","-67.14","NA","US","0","0",
"00681","PO BOX","Mayaguez",,,"PR",,,,"18.2","-67.14","NA","US","0","0",
"00682","STANDARD","Mayaguez",,"Alt De Algarrobo, Alt De Mayaguez, Bo Dulces Labios, Bo El Seco, Bo Mani, Bo Tras Talleres, Jard De Guanajibo, Jard Del Caribe, Mans De Espana, Parc Castillo, Parc Mani, Parc Soledad, Parq De La Ceiba, Repto Los Chevres, Repto San Francisco, Urb Bella Lomas, Urb Buenaventura, Urb Ensanche Ramirez, Urb Fraternidad, Urb Guanajibo Gdns, Urb Guanajibo Homes, Urb Hostos, Urb La Riviera, Urb Llavat, Urb Los Versalles, Urb Mayaguez Terrace, Urb Mendoza, Urb Miradero Gdns, Urb Miradero Hls, Urb Petiteville, Urb Quinto Centenario, Urb Ramirez De Arellano, Urb San Jose, Urb Santa Rosa De Lima, Urb Westernlake Vlg, Villas Del Oeste, Vista Verde","PR",,,"787","18.2","-67.14","NA","US","0","0",
"00683","STANDARD","San German",,"Ext Mans San German, Ext Parc Sabana Eneas, Ext Santa Maria, Ext Villa Interamericana, Hacienda La Monserrate, Mans De San German, Mans Reales, Parc Sabana Eneas, Paseos Del Valle, Repto Universidad, Urb Borinquen, Urb El Convento, Urb El Pedregal, Urb El Real, Urb La Nueva Salamanca, Urb La Quinta Dr Velez, Urb Las Quintas, Urb Los Sauces, Urb Montebello, Urb Porta Coeli, Urb Retiro, Urb Riverside, Urb Santa Maria, Valle Verde, Villa Auxerre, Villa Interamericana","PR",,,"787","18.08","-67.04","NA","US","0","0",
"00685","STANDARD","San Sebastian",,"Bda Chinto Rodon, Bda Estalingrado, Bda Paralelo 38, Bda Pueblo Nuevo, Bda Tablastilla, Colinas Verdes, Comunidad Gonzalez, Ext Villa Rita, Jard Guatemala, Repto Pin Mendez, Urb Chinto Rodon, Urb El Culebrina, Urb El Guayabal, Urb La Estancia, Urb Los Alamos, Urb Olivencia, Urb Pedro T Labayen, Urb Pepino, Urb Venturini, Valle Verde, Villa Rita, Villas De Piedra Blanca","PR",,,"787","18.33","-66.99","NA","US","0","0",
"00687","STANDARD","Morovis",,"Brisas Del Norte, Brisas Del Rio, Comunidad Juan Otero, Ext Torrecillas, Jard De Montellano, Jard De Romany, Jard De Russe, Parc Barahona, Parc Torrecillas, Praderas De Morovis Sur, Qtas De Morovis, Repto Los Torres, Sect Berio, Sect La Alianza, Sect Marrero, Sect Pabon, Urb Cruz Rosario, Urb Las Cumbres, Urb Rose Valley, Urb Russe, Valle Barahona, Valles De San Luis, Villa Roca, Villas Del Norte, Vista Verde","PR",,,"787","18.32","-66.4","NA","US","0","0",
"00688","STANDARD","Sabana Hoyos",,"Est De Sabana","PR",,,"787","18.38","-66.62","NA","US","0","0",
"00690","STANDARD","San Antonio",,"Brisas De Campo Alegre, Hacienda Asturias, Parq Ind San Antonio, Paseos Reales, Urb Nuevo San Antonio, Urb San Antonio","PR",,,,"18.49","-67.09","NA","US","0","0",
"00692","STANDARD","Vega Alta",,"Alts De Cerro Gordo 1&2, Alts De Cerro Gordo 3&4, Bda Corea, Bo Brenas, Comunidad Manantial, Est Cerro Gordo, Est Del Valle, Est San Nicolas, Ext La Esperanza, Ext La Inmaculada, Ext Sanchez, Ext Santa Ana, Ext Santa Maria, Ext Santa Rita, Hacienda El Molino, Parc Carmen, Parc Ponderosa, Urb Cerro Gordo Hls, Urb Cielo Dorado, Urb Golden Vlg, Urb Grand Palm Ii, Urb Isomar, Urb La Esperanza, Urb La Inmaculada, Urb Las Colinas, Urb Las Palmas Cerro Gordo, Urb Santa Ana, Urb Santa Rita, Urb Treasure Pt, Urb Velomas, Villa Linares, Vistas De La Vega","PR",,,"787","18.41","-66.32","NA","US","0","0",
"00693","STANDARD","Vega Baja",,"Alt De Vega Baja, Bda Collazo, Bda Sandin, Bo Algarrobo, Bo Carmelita, Bo La Trocha, Bo Las Granjas, Bo Ojo De Agua, Bo Pueblo Nuevo, Bo Yeguada, Brisas De Tortuguero, Brisas Del Mar, Ciudad Real, Colinas Del Marquez, Comunidad Bethel, Est De Tortuguero, Ext Ocean Front, Hacienda La Arboleda, Haciendas De Monteverde, Jard De Vega Baja, Parc Amadeo, Repto Sobrino, Sect Arenales, Sect Brisas Del Rosario, Sect El Lido, Sect Lomba, Sect Miraflores, Urb Brasilia, Urb Cabo Caribe, Urb Camino Del Sol, Urb Ciara Del Sol, Urb El Rosario, Urb El Verde, Urb Guarico, Urb La Cruv, Urb Las Delicias, Urb Las Flores, Urb Los Almendros, Urb Los Hucares, Urb Monte Carlo, Urb Ocean Front, Urb San Agustin, Urb San Demetrio, Urb San Vicente, Urb Vega Baja Lakes, Urb Vega Serena, Villa Del Rosario, Villa Los Pescadores, Villa Pinares, Villa Real, Villa Rosa 2, Villas De La Playa, Vista Verde","PR",,,"787","18.44","-66.39","NA","US","0","0",
"00694","PO BOX","Vega Baja",,,"PR",,,,"18.44","-66.39","NA","US","0","0",
"00698","STANDARD","Yauco",,"Alts De Yauco, Alts Del Cafetal, Bda Galarza, Bda Las Delicias, Bda Lluberas, Bo Alto De Cuba, Bo Palomas, Colinas De Yauco, Est De Yauco, Est De Yodimar, Ext Alts De Yauco, Ext Alts De Yauco Ii, Haciendas Florida, Jard De Borinquen, Jard De Montblanc, Jard M Blanco, Qtas De Valle Verde, Repto Esperanza, Res Barinas, Sect La Vega, Sect Las Pelas, Sect Pueblo Nuevo, Urb Barinas, Urb Buena Vista, Urb Costa Sur, Urb El Rocio, Urb El Rosario, Urb Hill View, Urb La Quinta, Urb Los Angeles, Urb Los Pinos, Urb Luchetti, Urb Mifedo, Urb Monteverde, Urb Roosevelt, Urb San Francisco, Urb Turnkey, Villa Milagros, Villa Olimpia, Villas Del Cafetal, Villas Del Cafetal Ii, Vista Real, Vistas De Monte Sol, Vistas Del Palmar","PR",,,"787","18.03","-66.86","NA","US","0","0",
"00703","STANDARD","Aguas Buenas",,"Est Del Rio, Mans De Aguas Buenas, Urb San Antonio","PR",,,"787","18.25","-66.1","NA","US","0","0",
"00704","STANDARD","Aguirre",,"Parc Parque, Paseo Costa Del Sur, Sect Lanausse, Urb Eugene Rice, Urb Gonzalez, Urb La Fabrica, Urb Monte Soria 2, Villas Del Coqui, Est De Trinitaria, Ext El Coqui, Parc Cabasa","PR",,,,"17.96","-66.22","NA","US","0","0",
"00705","STANDARD","Aibonito",,"Bda San Luis, Bo Llanos, Brisas De Aibonito, Colinas De San Francisco, Est Del Llano, Ext Bella Vista, Ext San Luis, Ext Villa Rosales, Repto Robles, Urb Bella Vista, Urb Buena Vista, Urb Golden Vlg Iv, Urb La Providencia, Villa De La Rosa, Villa Rosales, Villas Del Coqui","PR",,,"787","18.14","-66.26","NA","US","0","0",
"00707","STANDARD","Maunabo",,"Brisas De Emajaguas, Jard Los Almendros, Urb San Pedro, Villa Alegre, Villas De Maunabo","PR",,,"787,939","18","-65.9","NA","US","0","0",
"00714","STANDARD","Arroyo",,"Ext Jard De Arroyo, Jard De Arroyo, Jard De Lafayette, Parq De Guasimas, Qtas De Guasima, Repto Bello Mar, Urb Arroyo Del Mar, Urb Belinda, Urb Las 500, Urb Miramar 1, Urb Palmar 2, Urb San Antonio, Villas De Lafayette","PR",,,"787,939","17.97","-66.06","NA","US","0","0",
"00715","STANDARD","Mercedita","Ponce","Bo Calzada, Bo La Cuarta, Brisas De Maravilla, Central Mercedita","PR",,,"787","18","-66.56","NA","US","0","0",
"00716","STANDARD","Ponce","Mercedita","Bo Bucana, Bo Campo Alegre, Bo Sabanetas, Bo Tenerias, Comunidad Tabaiba, Est Del Carmen, Ext Alhambra, Ext Alta Vista, Ext Villa Del Carmen, Jard Alhambra, Jard Fagot, Parc Amalia Marin, Parc Sabanetas, Parq Del Rio, Repto Anaida, Repto Sabanetas, Sect Los Potes, Sect Playita, Sect Salistral, Urb Alhambra, Urb Alhambra Ct, Urb Alta Vista, Urb Anaida, Urb Bella Vista, Urb Camino Del Sur, Urb Costa Caribe, Urb Costa Sabana, Urb El Monte, Urb Flamboyanes, Urb Las Monjitas, Urb Lirios Del Sur, Urb Los Almendros, Urb Los Caobos, Urb Sagrado Corazon, Urb San Tomas, Urb Santa Clara, Valle Real, Valle Verde, Villa De Juan, Villa Del Carmen, Villa Del Sagrado Corazon, Villa Esperanza, Villa Flores, Villa Pampanos, Villa Tabaiba, Vista Point, Vistas Del Mar","PR",,,"787","17.98","-66.6","NA","US","0","0",
"00717","STANDARD","Ponce",,"Bda Belgica, Bda Mariani, Bda Salazar, Bda Santa Rosa, Bo Caracoles, Bo Cuatro Calles, Bo San Anton, Ext Salazar, Repto Universitario, Urb Buena Vista, Urb Constancia, Urb Constancia Gdns, Urb El Bosque, Urb Los Maestros, Urb Mariani, Urb Mercedita, Urb Patio Laboy, Urb Perla Del Sur, Urb San Antonio, Urb San Jorge, Urb Santa Maria, Urb Starlight, Villa Grillasca, Vista Alegre","PR",,,,"17.98","-66.6","NA","US","0","0",
"00718","STANDARD","Naguabo",,"Brisas De Naguabo, Hacienda Grande, Jard De Esperanza, Jard De La Via, Jard Del Este, Mans Playa Hucares, Repto Santiago, Urb Casabella, Urb City Palace, Urb Diplo, Urb Juan Mendoza, Urb Promised Land, Urb Ramon Rivero, Urb Santo Tomas, Villa Del Rosario","PR",,,"787","18.21","-65.73","NA","US","0","0",
"00719","STANDARD","Naranjito",,"Jard De Naranjito","PR",,,"787","18.3","-66.24","NA","US","0","0",
"00720","STANDARD","Orocovis",,"Alt De Orocovis, Urb Santa Teresita, Villas De Orocovix I, Villas De Orocovix Ii","PR",,,"787,939","18.22","-66.39","NA","US","0","0",
"00721","PO BOX","Palmer","Rio Grande",,"PR",,,,"18.37","-65.77","NA","US","0","0",
"00723","STANDARD","Patillas",,"Jard De Mamey, Jard De Patillas, Parq Del Sol, Portales De Jacaboa, Urb El Paraiso, Urb Mariani, Urb San Benito, Urb San Jose, Urb San Martin, Valle Alto, Valle De La Providencia, Villas De Patillas","PR","Patillas","America/Puerto_Rico",,"18","-66.01","NA","US","0","0",
"00725","STANDARD","Caguas",,"Alt De Caguas, Alt Del Turabo, Bda Morales, Bosques De La Sierra, Brisas Del Parque I, Brisas Del Parque Ii, Est El Verde, Ext Caguax, Ext El Verde, Ext La Granja, Ext Villa Blanca, Hacienda Borinquen, Jard Pla, Lomas De La Serrania, Parq Las Mercedes, Paseo Del Rio, Qtas De San Luis 1, Qtas De San Luis 2, Qtas De Villa Blanca, Repto Caguax, Repto Solano, Res Bairoa, Terr De Borinquen, Urb Balcones Las Catalinas, Urb Batista, Urb Billy Suarez, Urb Bonneville Gdns, Urb Bonneville Terr, Urb Borinquen Valley, Urb Brooklyn, Urb Bunker, Urb Caguas Milenio, Urb Caguas Norte, Urb Caribe Gdns, Urb Condado Moderno, Urb Condado Viejo, Urb El Retiro, Urb El Rincon De La Serrania, Urb El Verde, Urb Grillo, Urb Jose Delgado, Urb Jose Mercado, Urb La Granja, Urb La Meseta, Urb Machin, Urb Mariolga, Urb Monticielo, Urb Myrlena, Urb Nazario, Urb Notre Dame, Urb Paradise, Urb San Alfonso, Urb San Antonio, Urb San Marcos, Urb San Pedro Est, Urb San Rafael, Urb Santa Cecilia, Urb Santa Elvira, Urb Santa Juana, Urb Santa Juana 2, Urb Santa Juana 3, Urb Santa Juana 4, Urb Santa Rosa, Urb Santo Domingo, Urb Verde Sur, Valle De San Luis, Valles Del Lago, Villa Blanca, Villa Borinquen, Villa Carmen, Villa De Castro, Villa Del Rey 1, Villa Del Rey 2, Villa Guadalupe, Villa Las Mercedes, Villa Los Criollos, Villa Maria, Villa Turabo, Villa Victoria, Villas De Rio Verde, Villas Del Rio Verde","PR",,,"787","18.23","-66.03","NA","US","0","0",
"00726","PO BOX","Caguas",,,"PR",,,,"18.23","-66.03","NA","US","0","0",
"00727","STANDARD","Caguas",,"Alt De La Fuente, Alt Villa Del Rey, Bosque Verde, Chalets De Bairoa, Ciudad Jardin De Bairoa, Est De Bairoa, Est Degetau, Est Del Turabo, Hacienda San Jose, Jard De Caguas, Mans De Ciudad Jardin Bairoa, Mans El Paraiso, Parq Del Monte, Parq Del Monte 2, Parq Del Rio, Parq Las Haciendas, Repto San Jose, Sect Altos De La Fuente, Urb Altomonte, Urb Altos De La Fuente, Urb Arbolada, Urb Bairoa Golden Gate Ii, Urb Bairoa Golden Gates, Urb Bairoa Park, Urb Bonneville Hts, Urb Bonneville Manor, Urb Bonneville Vly, Urb Diamond Vlg, Urb El Valle, Urb Idamaris Gdns, Urb Islabella, Urb La Reserva, Urb Las Nubes, Urb Mirador De Bairoa, Urb Palmas Del Turabo, Urb Terralinda, Urb Turabo Gdns, Valle Tolima, Valle Verde, Villa Caliz, Villa Del Rey 3, Villa Del Rey 4, Villa Del Rey 5, Villa Esperanza, Villa Hermosa, Villa Nueva","PR",,,"787","18.23","-66.03","NA","US","0","0",
"00728","STANDARD","Ponce",,"Bda Baldorioty, Bo Magueyes, Bosque Senorial, Brisas Del Mar, Comunidad Punta Diamante, Ext Jard Del Caribe, Ext Las Delicias 2, Ext Punto Oro, Ext Villa Paraiso, Hacienda La Matilde, Hacienda Las Lomas, Jard Del Caribe, Jard Del Caribe 5, Parc El Tuque, Parc Magueyes, Parc Nueva Vida, Parc Nuevas Magueyes, Parc Quebrada Limon, Qtas Del Sur, Res Canas Housing, Res Perla Del Bucana, Sect La Cotorra, Sect Las Batatas, Sect Las Cucharas, Sect Playita, Urb Baldorioty, Urb Baramaya, Urb Bello Horizonte, Urb Canas, Urb Casa Mia, Urb La Providencia, Urb Las Delicias, Urb Las Margaritas, Urb Morell Campos, Urb Punto Oro, Urb Rio Canas, Urb San Antonio, Urb San Jose, Valle Altamira, Valle De Andalucia, Valle Del Rey, Villa Delicias, Villa Paraiso, Villa Rio Canas","PR",,,,"17.98","-66.6","NA","US","0","0",
"00729","STANDARD","Canovanas",,"Brisas De Canovanas, Brisas De Loiza, Ciudad Jardin De Canovanas, Est Del Rio, Ext Villas De Loiza, Haciendas De Canovanas, Jard De Canovanas, Jard De Palmarejo, Parc Central, Parc Monteverde, Parc San Isidro, Parc Villa Delicias, Qtas De Canovanas, Qtas Jard De Parmarejo, Urb Country View, Urb Del Pilar, Urb Las Haciendas Canovanas, Urb Las Vegas, Urb Loiza Valley, Urb Los Eucaliptos, Urb Pueblo Indio, Urb River Gdns, Urb River Plantation, Urb River Valley, Urb River Valley Pk, Urb Town Pk, Urb Usubal, Villas De Loiza, Villas Del Este, Villas Doradas","PR","CanÃ³vanas","America/Puerto_Rico","787","18.37","-65.9","NA","US","0","0",
"00730","STANDARD","Ponce",,"Alt Del Madrigal, Bda Borinquen, Bda Clausells, Bda Ferran, Bda Tamarindo, Bo La Ponderosa, Bo Magueyes, Bo Pueblito Nuevo, Bo Tamarindo, Comunidad Playita Ferry, Est Del Golf Club, Ext El Madrigal, Ext La Guadalupe, Ext Qtas De Monserrate, Ext Santa Teresita, Ext Valle Alto, Jard De Ponce, Lomas De Country Club, Qtas De Monserrate, Sect Clausell, Sect La Ponderosa, Sect Las Canitas, Sect Playita, Urb El Madrigal, Urb Ferry Barranca, Urb Glenview Gdns, Urb Jacaranda, Urb Jaime L Drew, Urb La Guadalupe, Urb La Lula, Urb La Rambla, Urb Las Monjitas, Urb Morell Campos, Urb Nuevo Mameyes, Urb Santa Teresita, Urb Tibes, Valle Alto, Villa Dos Rios","PR",,,"787","17.98","-66.6","NA","US","0","0",
"00731","STANDARD","Ponce",,"Urb Riberas De Bucana, Urb Terra Senorial","PR",,,"787","17.98","-66.6","NA","US","0","0",
"00732","PO BOX","Ponce",,,"PR",,,,"17.98","-66.6","NA","US","0","0",
"00733","PO BOX","Ponce",,,"PR",,,,"17.98","-66.6","NA","US","0","0",
"00734","PO BOX","Ponce",,,"PR",,,,"17.98","-66.6","NA","US","0","0",
"00735","STANDARD","Ceiba","Roosevelt Rds, Roosevelt Roads","Brisas De Ceiba, Ext Villa Del Pilar, Jard Avila, Jard De Ceiba, Jard De Ceiba Ii, Parc Calderonas, Parc Calderonas Nuevas, Paseo De La Costa, Paseos De Ceiba, Res La Ceiba, Urb Celina, Urb Roosevelt Gdns, Urb Santa Maria, Urb Vegas De Ceiba, Villa Del Pilar, Villa Flores","PR",,,"787","18.26","-65.64","NA","US","0","0",
"00736","STANDARD","Cayey",,"Bda Buena Vista, Bda Cantera, Bda Nueva, Bda Polvorin, Bda Vieques, Bo Beatriz, Bo Carite, Bo Cedro, Bo Farallon, Bo Guavate, Bo Las Parras, Bo Mogote, Bo Montellano, Bo Vegas, Chalets Las Muesas, Colinas De Cayey, Comunidad San Tomas, Est De Las Brumas, Est De Monte Rio, Hacienda Vistas Del Plata, Jard De Cayey, Jard Del Caribe, Mans De Los Cedros, Mans Monte Verde, Parc El Polvorin, Paseo De Las Brumas, Repto Ana Luisa, Repto Montellano, Sect Sanchez, Urb Aponte, Urb Bosch, Urb Carrasquillo, Urb El Remanso, Urb El Rocio, Urb El Torito, Urb Fullana, Urb La Planicie, Urb La Plata, Urb Las Muesas, Urb Minima, Urb Mirador Echevarri, Urb Mirador Universitario, Urb San Cristobal, Urb San Martin, Valle Alto, Villa Verde","PR",,,"787","18.11","-66.16","NA","US","0","0",
"00737","PO BOX","Cayey",,,"PR",,,,"18.11","-66.16","NA","US","0","0",
"00738","STANDARD","Fajardo",,"Alts De Monte Brisas, Alts De San Pedro, Bda Obrera, Bda Roosevelt, Bo Jerusalem, Bo Proyecto Fema, Bo Proyecto Veve Calzada 3, Bo Vega Baja, Ext Melendez, Ext Veve Calzada, Jard De Monte Brisas, La Costa Apts, Mans Punta Del Este, Qtas De Fajardo, Terr Demajagua, Terr Demajagua 2, Urb Alhambra, Urb Altamira, Urb Baralt, Urb Batey, Urb Fajardo Gdns, Urb Garcia Ponce, Urb La Costa Gdns Homes, Urb Marines, Urb Melendez, Urb Monte Brisas 2, Urb Monte Brisas 3, Urb Monte Brisas 5, Urb Monte Vista, Urb Montemar, Urb Naranjo Valley, Urb Puertas Del Sol, Urb Rafael Bermudez, Urb San Pedro, Urb Santa Isidra 1, Urb Santa Isidra 2, Urb Santa Isidra 3, Urb Santa Isidra 4, Urb Veve Calzada, Urb Viera, Valle Verde, Villa Clarita, Villa Marina, Vistas Del Convento, Vistas Del Mar","PR",,,"787","18.33","-65.65","NA","US","0","0",
"00739","STANDARD","Cidra",,"Bosque Real, Ciudad Primavera, Est Del Bosque, Hacienda Primavera, Jard De Rabanal, Jard Treasure Island, Parc Gandara, Parc Gandara Ii, Sect Campobello, Sect Lozada, Urb Campo Bello, Urb Campo Lago, Urb Campo Primavera, Urb Domingo Alejandro, Urb Domingo Rodriguez, Urb Ferrer, Urb Freire, Urb Sabanera, Urb Treasure Vly, Villa Del Carmen, Vista Monte","PR",,,"787","18.17","-66.15","NA","US","0","0",
"00740","STANDARD","Puerto Real",,"Valle Puerto Real","PR",,,,"18.33","-65.63","NA","US","0","0",
"00741","STANDARD","Punta Santiago","Punta Stgo","Urb Verdemar, Villa Palmira","PR",,,,"18.15","-65.76","NA","US","0","0",
"00742","PO BOX","Roosevelt Roads","Ceiba, Roosevelt Rds",,"PR",,,,"18.27","-65.65","NA","US","0","0","no NWS data, "
"00744","PO BOX","Rio Blanco",,,"PR",,,,"18.22","-65.79","NA","US","0","0",
"00745","STANDARD","Rio Grande",,"Alt Rio Grande, Bda Shangai, Hacienda Las Garzas, Jard Rio Grande, Parc La Dolores, Repto Costa Del Sol, Trump Founders Rsdncs, Urb Cambalache I, Urb Cambalache Ii, Urb Coco Beach, Urb Galateo, Urb Jose H Ramirez, Urb Jose Ph Hernandez, Urb Los Arboles, Urb Los Maestros, Urb Pedregales, Urb Ponderosa, Urb Rio Grande Est, Urb Rio Grande Hls, Urb Sra Del Carmen, Villa Realidad, Villa Vizcay, Villas De Rio Grande, Vistas De Rio Grande I, Vistas De Rio Grande Ii, Vistas Del Mar","PR",,,"787","18.38","-65.83","NA","US","0","0",
"00751","STANDARD","Salinas",,"Bo Coco Nuevo, Bo Coco Viejo, Bo Playita, Bo Santa Ana I, Bo Santa Ana Iii, Brisas De Evelymar, Est De Evelymar, Ext Carmen, Ext Monserrate, Jard De Salinas, Sect Campito, Urb Corales Del Mar, Urb La Arboleda, Urb La Carmen, Urb Las Antillas, Urb Las Mercedes, Urb Monserrate, Urb Salimar, Villa Cofresi, Villa Natalia","PR",,,"787","17.97","-66.29","NA","US","0","0",
"00754","STANDARD","San Lorenzo",,"Alt De San Lorenzo, Bda Roosevelt, Bosque Llano, Ciudad Masso, Ext Alt De San Lorenzo, Ext Bda Roosevelt, Ext Jard De San Lorenzo, Ext Tamarindo, Hacienda Florida, Jard De Cerro Gordo, Jard De San Lorenzo, Paseo De Las Flores, Paseo De San Lorenzo, Urb Los Caminos, Urb Los Flamboyanes, Urb Masso, Urb Monte Rey, Urb Munoz Marin, Urb Portal Del Sol, Urb San Lorenzo Valley, Urb Santa Clara, Urb Savannah Real, Urb Tamarindo 1, Villas Del Hato, Vistas De San Lorenzo","PR",,,"787","18.19","-65.96","NA","US","0","0",
"00757","STANDARD","Santa Isabel",,"Alt De Santa Isabel, Brisas Del Prado, Est De Santa Isabel, Ext Bda Monserrate, Hacienda Concordia, Paseo Jacaranda, Praderas Del Sur, Urb Alborada, Urb Los Llanos, Valle Costero, Villa Serena","PR","Santa Isabel","America/Puerto_Rico","787","17.97","-66.4","NA","US","0","0",
"00765","STANDARD","Vieques",,"Bo Coffi, Bo Tortuguero, Urb Isabel Ii, Urb Lucila Franco","PR",,,"787","18.42","-65.83","NA","US","0","0",
"00766","STANDARD","Villalba",,"Alt De Villalba, Alts Del Alba, Est De Mayoral, Portales Del Alba, Urb La Vega, Urb Las Alondras, Urb Tierra Santa, Villa Alba, Villa Laura, Vista Alegre, Vista Bella","PR",,,,"18.13","-66.48","NA","US","0","0",
"00767","STANDARD","Yabucoa",,"Alts De Terralinda, Ext Villas De Buenaventura, Jard De Yabucoa, Repto Horizonte, Urb Calvario, Urb Jaime C Rodriguez, Urb Los Angeles, Urb Mendez, Urb Santa Elena, Urb Santa Maria, Valles De Yabucoa, Villa El Recreo, Villa Hilda, Villas De Buenaventura","PR",,,"787","18.04","-65.87","NA","US","0","0",
"00769","STANDARD","Coamo",,"Alts De Coamo, Bda San Antonio, Est De Coamo, Est De Hucar, Ext Jard De Coamo, Hacienda Miraflores, Haciendas Monterrey, Jard De Coamo, Jard De Santa Ana, Mans De Coamo, Parc Niagara, Paseo Real, Urb Bella Vista Est, Urb Coamo Gdns, Urb El Bosque, Urb El Eden, Urb La Arboleda, Urb Las Aguilas, Urb Las Fuentes De Coamo, Urb Monte Flores, Urb Monte Real, Urb Paraiso De Coamo, Urb Provincias Del Rio 1, Urb Provincias Del Rio 2, Urb San Antonio, Urb Vistamar, Valle Arriba, Valle Escondido, Villa Cristina, Villa Madrid, Villa Santa Catalina, Villa Tropical, Vista Del Sol, Vistas De Coamo","PR",,,"787","18.08","-66.36","NA","US","0","0",
"00771","STANDARD","Las Piedras",,"Colinas De San Agustin, Est Del Rocio, Ext La Inmaculada, Ext Las Mercedes, Jard De Oriente, Mans De Las Piedras, Mans De Los Artesanos, Paseo De Los Artesanos, Portales De Las Piedras, Repto Arenales, Urb April Gdns, Urb Camino Sereno, Urb Campo Real, Urb La Estancia, Urb La Inmaculada, Urb Las Campinas I, Urb Las Campinas Ii, Urb Las Campinas Iii, Urb Olimpic Cts, Urb Olimpic Pk, Urb Olivia Pk, Urb Olympic Ville, Urb Oriente, Urb Palma Royale, Urb Park Hurst, Valle Piedras, Villa Las Mercedes, Villas De San Cristobal, Villas De San Cristobal Ii","PR",,,"787","18.18","-65.86","NA","US","0","0",
"00772","STANDARD","Loiza",,"Jard De Loiza, Sect Villa Canona, Urb Santiago, Vistas Del Oceano","PR",,,,"18.43","-65.88","NA","US","0","0",
"00773","STANDARD","Luquillo",,"Brisas De Luquillo, Brisas Del Mar, Est Del Atlantico, Hacienda Margarita, Hacienda Paloma, Hacienda Paloma Ii, Urb Alamar, Urb Costa Azul, Urb Los Paisajes, Urb Luquillo Lomas, Urb Luquillo Mar, Urb Paisaje Del Lago, Urb River Edge Hl, Urb Solimar, Villa Angelina, Vistas De Luquillo, Vistas De Luquillo Ii","PR",,,"787","18.37","-65.71","NA","US","0","0",
"00775","PO BOX","Culebra",,,"PR",,,,"18.31","-65.3","NA","US","0","0",
"00777","STANDARD","Juncos",,"Bda Flores, Brisas Del Prado, Colinas Del Este, Est De Juncos, Est De La Ceiba, Ext Jard De Barcelona, Haciendas De Tena, Jard De Barcelona, Jard De Ceiba Norte, Jard Del Valenciano, Mans De Juncos, Paseo De La Ceiba, Paseo Palma Real, Portales De Juncos, Repto Valenciano, Sect Canales, Urb Cerro Ceiba, Urb Diamaris, Urb El Encanto, Urb La Ceiba, Urb Lirios, Urb Lirios Cala, Urb Lirios Cala Ii, Urb Los Almendros, Urb Madrid, Urb Valencia 1, Urb Valencia 2, Urb Virginia Vly, Villa Ana, Villa Graciela","PR",,,"787","18.22","-65.91","NA","US","0","0",
"00778","STANDARD","Gurabo",,"Alt De Montebrisas, Bda Campamento, Bda Nueva, Ciudad Jardin, Est De Gran Vista, Est De Santa Barbara, Est Siervas De Maria, Ext Llanos De Gurabo, Ext Villa Marina, Jard De Gurabo, Lomas Del Sol, Mans De Navarro, Mans De Santa Barbara, Parc Nuevas, Parq Las Americas, Paseo De Santa Barbara, Praderas De Navarro, Repto San Jose, Urb Altapaz, Urb Bajo Costo, Urb El Vivero, Urb Gran Vista I, Urb Gran Vista Ii, Urb Heavenly Vw Est, Urb Horizonte, Urb Llanos De Gurabo, Urb Los Flamboyanes, Urb Los Robles, Urb Monte Subacio, Urb Oreilly, Urb Paraiso De Gurabo, Urb Preciosa, Urb Reina De Los Angeles, Urb Sabanera Del Rio, Urb Veredas, Valle De Ensueno, Valle De Santa Barbara, Valle Del Tesoro, Villa Alegre, Villa Marina, Villas De Gurabo, Villas Del Carmen, Vista Lago","PR",,,"787","18.25","-65.97","NA","US","0","0",
"00780","STANDARD","Coto Laurel","Ponce","Bo Verdum, Brisas Del Lago, Brisas Del Laurel, Est Del Laurel, Ext Lago Horizonte, Haciendas Del Monte, Mans Del Sur, Mans Real, Urb El Laurel, Urb Lago Horizonte, Urb Laurel Sur, Urb Llanos Del Sur, Urb Santa Rita, Urb Santa Rita 2, Urb Santa Rita 3, Urb Sombras Del Real, Villas Del Laurel 1, Villas Del Laurel 2, Villas Del Turey","PR",,,"787,939","18.09","-66.57","NA","US","0","0",
"00782","STANDARD","Comerio",,"Urb Ariel, Urb La Hacienda, Urb La Plata, Urb Pasarell, Urb Rio Plata, Urb Sabana Del Palmar","PR",,,"787","18.22","-66.22","NA","US","0","0",
"00783","STANDARD","Corozal",,"Bda Sostre, Bo Pueblo, Colinas De Corozal, Ext Sylvia, Loma Linda, Urb Cerromonte, Urb Cibuco, Urb El Centro, Urb Las Brisas, Urb Maria Del Carmen, Urb Monterey, Urb Monteverde, Urb San Feliz, Urb Sobrino, Urb Sylvia, Valle De Aramana","PR",,,"787","18.34","-66.31","NA","US","0","0",
"00784","STANDARD","Guayama",,"Alts Del Olimpo, Bda Blondet, Bda Borinquen, Bda Marin, Bda Santa Ana, Bo Machete, Bo Olimpo, Brisas Del Mar, Brisas Del Mar Elderly, Chalets De Brisas Del Mar, Comunidad Miramar, Comunidad Puente Jobos, Comunidad San Martin, Hacienda Guamani, Hacienda Jazmin, Jard De Guamani, Jard De Monte Olivo, Parc Nueva Olimpo, Res Valles De Guayama, Urb Algarrobos, Urb Bello Horizonte, Urb Camino De La Princesa, Urb Caribe Mar, Urb Costa Azul, Urb Dorado, Urb El Legado Golf Resort, Urb Green Hls, Urb Guayama Valley, Urb La Hacienda, Urb Rexmanor, Urb Villamar, Urb Vistamar, Urb Vistamar 3, Urb Vives, Valles De Guayama, Villa Rosa, Villa Rosa 1, Villa Rosa 2, Villa Rosa 3, Villa Universitaria","PR",,,"787,939","17.97","-66.11","NA","US","0","0",
"00785","PO BOX","Guayama",,,"PR",,,,"17.97","-66.11","NA","US","0","0",
"00786","PO BOX","La Plata",,,"PR","Aibonito","America/Puerto_Rico",,"18.16","-66.23","NA","US","0","0",
"00791","STANDARD","Humacao",,"Alts De San Benito, Bda Azucena, Bda Obrera, Bda Praa, Ciudad Cristiana, Colinas Del Este, Est De La Loma, Ext Cotto Mabu, Ext Roig, Ext San Antonio, Jard De Humacao, Mans Del Caribe, Parq De Candelero, Plaza Del Mar, Qtas De Humacao, Repto San Felipe, Urb Buzo, Urb El Paraiso, Urb El Recreo, Urb Harbour Pt, Urb La Estancia, Urb La Patagonia, Urb Las Leandras, Urb Los Maestros, Urb Los Rosales, Urb Los Sauces, Urb Mabu, Urb Miradero, Urb Palmanova, Urb Palmanova Vlg, Urb Palmas Plantation, Urb Palmas Reales, Urb Peninsula De San Juan, Urb Pereyo, Urb Rivera Donato, Urb San Antonio, Urb San Francisco, Urb Santa Maria Mayor, Urb Sunrise, Villa Humacao, Villa Oriente, Villa Universitaria, Villas De Candelero, Villas Del Rio, Vista Alegre, Vista Hermosa","PR",,,"787","18.15","-65.81","NA","US","0","0",
"00792","PO BOX","Humacao",,,"PR",,,,"18.15","-65.81","NA","US","0","0",
"00794","STANDARD","Barranquitas",,"Bda Alemania, Urb San Cristobal, Vistas De Montecielo","PR",,,"787","18.18","-66.3","NA","US","0","0",
"00795","STANDARD","Juana Diaz",,"Alts Del Encanto, Brisas Del Sur, Brisas Del Valle, Colinas De San Martin, Est De Juana Diaz, Est Del Rio, Est El Guayabal, Ext Del Carmen, Ext Jacaguax, Ext Las Flores, Ext Las Marias, Hacienda Las Vegas, Jard De Santo Domingo, Mans En Paseo De Reyes, Paseo Del Parque, Paseo Sol Y Mar, Portal Del Valle, Qtas De Altamira, Sect Las Flores, Urb Camino Real, Urb Del Carmen, Urb Hermanos Santiago, Urb Jacaguax, Urb La Esperanza, Urb Las Flores, Urb Las Marias, Urb Los Reyes, Urb Monte Sol, Urb Palacios Del Prado, Urb San Martin, Urb San Martin Ii, Urb Tomas Carrion Maduro, Valle Hucares, Valle Serreno, Villa El Encanto, Villa Norma, Villas Del Sol","PR",,,"787,939","18.05","-66.5","NA","US","0","0",
"00801","PO BOX","St Thomas","Charlotte Ama, Charlotte Amalie",,"VI",,,,"18.35","-64.93","NA","US","0","0",
"00802","STANDARD","St Thomas","Charlotte Ama, Charlotte Amalie",,"VI",,,"340","18.35","-64.93","NA","US","0","0",
"00803","PO BOX","St Thomas","Charlotte Ama, Charlotte Amalie",,"VI",,,,"18.35","-64.93","NA","US","0","0",
"00804","PO BOX","St Thomas","Charlotte Ama, Charlotte Amalie",,"VI",,,,"18.35","-64.93","NA","US","0","0",
"00805","PO BOX","St Thomas",,,"VI",,,,"18.34","-64.93","NA","US","0","0",
"00820","STANDARD","Christiansted","St Croix",,"VI",,,"340","17.74","-64.7","NA","US","0","0",
"00821","PO BOX","Christiansted",,,"VI",,,,"17.74","-64.7","NA","US","0","0",
"00822","PO BOX","Christiansted",,,"VI",,,,"17.74","-64.7","NA","US","0","0",
"00823","PO BOX","Christiansted","St Croix",,"VI",,,,"17.74","-64.7","NA","US","0","0",
"00824","PO BOX","Christiansted","St Croix",,"VI",,,,"17.74","-64.7","NA","US","0","0",
"00830","STANDARD","St John","Cruz Bay",,"VI",,,,"18.33","-64.79","NA","US","0","0",
"00831","PO BOX","St John","Cruz Bay",,"VI",,,,"18.33","-64.79","NA","US","0","0",
"00840","STANDARD","Frederiksted",,,"VI",,,"340","17.71","-64.88","NA","US","0","0",
"00841","PO BOX","Frederiksted",,,"VI",,,,"17.71","-64.88","NA","US","0","0",
"00850","STANDARD","Kingshill",,,"VI",,,"340","17.76","-64.82","NA","US","0","0",
"00851","PO BOX","Kingshill",,,"VI",,,,"17.73","-64.8","NA","US","0","0",
"00901","STANDARD","San Juan","Old San Juan, Viejo San Juan, Viejo Sn Juan",,"PR",,,,"18.4","-66.06","NA","US","0","0",
"00902","PO BOX","San Juan","Old San Juan, Viejo San Juan, Viejo Sn Juan",,"PR",,,,"18.4","-66.06","NA","US","0","0",
"00906","PO BOX","San Juan","Pta De Tierra, Puerta De Tierra",,"PR",,,,"18.4","-66.06","NA","US","0","0",
"00907","STANDARD","San Juan","Condado, Miramar, Santurce","Bda Figueroa","PR",,,"787","18.4","-66.06","NA","US","0","0",
"00908","PO BOX","San Juan",,"Santurce, Santurce Station","PR",,,,"18.4","-66.06","NA","US","0","0",
"00909","STANDARD","San Juan","Fdez Juncos, Fernandez Juncos, Minillas, Santurce","Urb Hipodromo","PR",,,"787,939","18.44","-66.06","NA","US","0","0",
"00910","PO BOX","San Juan","Fdez Juncos, Fernandez Juncos",,"PR",,,,"18.4","-66.06","NA","US","0","0",
"00911","STANDARD","San Juan","Loiza Street, Santurce",,"PR",,,"787","18.4","-66.06","NA","US","0","0",
"00912","STANDARD","San Juan","Santurce",,"PR",,,"787,939","18.4","-66.06","NA","US","0","0",
"00913","STANDARD","San Juan","Isla Verde, Santurce",,"PR",,,,"18.4","-66.06","NA","US","0","0",
"00914","PO BOX","San Juan","Loiza Street, Santurce",,"PR",,,,"18.4","-66.06","NA","US","0","0",
"00915","STANDARD","San Juan","Barrio Obrero, Bo Obrero, Santurce","Bda Buena Vista, Sect Cantera, Sect La Playita","PR",,,"787","18.4","-66.06","NA","US","0","0",
"00916","PO BOX","San Juan","Barrio Obrero, Santurce",,"PR",,,,"18.4","-66.06","NA","US","0","0",
"00917","STANDARD","San Juan","Hato Rey","Bda Bitumul, Bda Buena Vista, Bda Israel, Bda Las Monjas, Sect El Relincho, Urb Davila & Llenza, Urb El Prado, Urb Floral Park, Urb Perez Morris, Urb Pinero, Urb Quintana, Urb Umpierre","PR",,,,"18.4","-66.06","NA","US","0","0",
"00918","STANDARD","San Juan",,"Bda Tokio, Ext Roosevelt, Parq Central, Urb Baldrich, Urb El Vedado, Urb Hyde Pk, Urb Jb Huyke, Urb Los Ingenieros, Urb Los Maestros, Urb Roosevelt, Villa Pica","PR",,,,"18.4","-66.06","NA","US","0","0",
"00919","PO BOX","San Juan","Hato Rey",,"PR",,,,"18.4","-66.06","NA","US","0","0",
"00920","STANDARD","San Juan","Caparra, Caparra Hills, Caparra Ter, Caparra Terrace, Pto Nuevo, Puerto Nuevo","Bechara Ind Park, Caparra Heights, Fort Buchanan, Guaynabo, Mario Julia Ind Park, Monterrey Ind Park, Rio Piedras, San Miguel Ind Park, Urb Altamira, Urb Caparra Hts, Urb Puerto Nuevo, Urb San Patricio, Urb Summit Hls, Villa Borinquen","PR",,,"787,939","18.4","-66.06","NA","US","0","0",
"00921","STANDARD","San Juan","College Park, Pto Nuevo, Puerto Nuevo, Rio Piedras","Caparra Heights, Fort Buchanan, Parq De San Ignacio, Repto Landrau, Repto Metropolitano, Urb Altamesa, Urb Caparra Terr, Urb College Park Iv, Urb Coop V Borinquen, Urb La Riviera, Urb La Riviera Ind Park, Urb Las Americas, Urb Las Lomas, Urb Puerto Nuevo, Urb Santiago Iglesias, Villa El Salvador, Villa Magna","PR",,,,"18.4","-66.06","NA","US","0","0",
"00922","PO BOX","San Juan","Caparra, Caparra Hills, Caparra Ter, Caparra Terrace","Caparra Heights, Fort Buchanan, Guaynabo","PR",,,,"18.4","-66.06","NA","US","0","0",
"00923","STANDARD","San Juan","65th Infantry","Bo Capetillo, Repto America, Repto San Jose, Urb Casas Yoyo, Urb Del Carmen, Urb Dos Pinos, Urb Dos Pinos Townhouse, Urb Embalse San Jose, Urb Los Maestros, Urb Matienzo Cintron, Urb Open Land, Urb San Agustin, Urb San Jose, Urb Santa Barbara, Urb Valencia, Urb Victoria, Valle Universitario, Villa Dos Pinos, Villa Granada, Vista Del Cano","PR",,,,"18.4","-66.06","NA","US","0","0",
"00924","STANDARD","San Juan","Rio Piedras, 65th Infantry","Alt De Berwind, Bda El Polvorin, Bda Hernandez, Bda Santo Domingo, Ciudad Central I, Colinas De Monte Carlo, Colinas Verde, Ext Colinas Verde, Ext Town Park, Mans De San Martin, Parc Falu, Parc Hill Brothers, Sect Los Penas, Urb Berwind Est, Urb Club Manor, Urb Country Club, Urb Delicias, Urb El Cemi, Urb El Comandante, Urb Gonzalez Seijo, Urb Highland Pk, Urb La Vista, Urb Las Virtudes, Urb Luarca, Urb Monte Carlo, Urb Sabana Llana, Urb San Martin, Urb Sevilla, Urb Town Pk, Urb Vosburg, Villa Capri, Villa Navarra, Villa Olimpica, Villa Prades, Villa Rosales, Vista Del Atlantico","PR",,,"787","18.4","-66.06","NA","US","0","0",
"00925","STANDARD","San Juan","Rio Piedras","Bda Blondet, University Station, Urb Cabrera, Urb Gonzalez, Urb Santa Rita","PR",,,,"18.4","-66.06","NA","US","0","0",
"00926","STANDARD","San Juan","Cupey, Rio Piedras","Alts De Borinquen Gdns, Alts Del Remanso, Bda Vista Alegre, Bo Buen Consejo, Bo Canejas, Bo Carraizo, Bo Dulce, Bo Quebrada Arena, Bo Tortugo, Bo Venezuela, Ciudad Senorial, Colinas De Cupey, Est De San Geraldo, Ext Alameda, Ext Mans De Vilanova, Ext Milaville, Hacienda De Carraizo, Ind Victor Fernandez, Jard Botanico Sur, Jard De Caldas, Mans Colinas De Cupey, Mans De Caldas, Mans De Park Gdns, Mans De Rio Piedras, Mans De Romany, Mans De Villanova, Parq Senorial, Paseo Alto, Paseo De La Fuente, Paseo Del Parque, Paseo Del Prado, Paseo Las Brisas, Paseo Las Vistas, Paseo Mayor, Paseo Real, Paseo San Juan, Qtas De Cupey, Repto Contemporaneo, Repto De Diego, Repto Oyola, Repto Universitario, Repto Veterano, Sect Betancourt, Sect Hoyo, Sect La Corte, Sect La Marina, Sect Paracochero, Urb Alamein, Urb Beverly Hills Ct, Urb Borinquen Gdns, Urb Caldas, Urb Cambridge Park, Urb Caribe, Urb Carmen Hls, Urb Crown Hls, Urb Cupey Gdns, Urb El Cerezal, Urb El Dorado, Urb El Escorial, Urb El Mirador, Urb El Mirador De Cupey, Urb El Paraiso, Urb El Pilar, Urb El Remanso, Urb El Senorial, Urb El Vigia, Urb Experimental, Urb Fairview, Urb Garcia, Urb Hill Mansions, Urb Hillside, Urb Hollywood Est, Urb Horizons, Urb Hucares, Urb La Alameda, Urb La Alborada, Urb La Campina, Urb La Cumbre, Urb La Sierra Alta, Urb La Utt, Urb Laderas De Palma Real, Urb Laderas De San Juan, Urb Las Rosas, Urb Litheda Hts, Urb Los Adoquines, Urb Los Campos Montehiedra, Urb Los Cantizales, Urb Luna Llena, Urb Milaville, Urb Mirador De Borinquen Gdn, Urb Monte Apolo Est, Urb Monte Verde Real, Urb Montehiedra, Urb Monterey, Urb Monteverde, Urb Park Gdns, Urb Park Gdns Townhouses, Urb Portal De Los Pinos, Urb Purple Tree, Urb Riberas Del Senorial, Urb Rio Piedras Hts, Urb Rivieras De Cupey, Urb Romany Gdns, Urb Romany Pk, Urb Romany Pk Ii, Urb Roseville, Urb Sagrado Corazon, Urb San Agustin, Urb San Gerardo, Urb San Jose Ind, Urb San Juan Gdns, Urb Tulipan, Urb Venus Gdns, Urb Venus Gdns Norte, Urb Venus Gdns Oeste, Valle Sereno, Villa Andalucia, Villa Colinas De Cupey, Villa Dagmarita, Villa Hucar, Villa Olga, Villas De Carraizo, Villas De Cupey, Villas De Parana, Villas Del Este, Villas Del Pilar, Vista Alegre","PR",,,"787","18.4","-66.06","NA","US","0","0",
"00927","STANDARD","San Juan","Rio Piedras","Bda Villamil, Ext Santa Maria, Jard De Vedruna, Jard Metropolitano, Parq De Santa Maria, Urb Antonsanti, Urb Belisa, Urb Caribe, Urb Hyde Pk, Urb San Francisco, Urb San Ignacio, Urb Santa Ana, Urb Santa Maria, Urb University Gdns, Villa Los Olmos, Villa Nevarez, Villas De Palma Real, Villas De San Francisco, Villas De San Ignacio","PR",,,"787","18.4","-66.06","NA","US","0","0",
"00928","PO BOX","San Juan","Rio Piedras",,"PR",,,,"18.4","-66.06","NA","US","0","0",
"00929","PO BOX","San Juan","Rio Piedras, 65th Infantry",,"PR","San Juan","America/Puerto_Rico",,"18.4","-66.06","NA","US","0","0",
"00930","PO BOX","San Juan","Rio Piedras, San Jose",,"PR",,,,"18.4","-66.06","NA","US","0","0",
"00931","PO BOX","San Juan","Rio Piedras",,"PR","San Juan","America/Puerto_Rico",,"18.4","-66.06","NA","US","0","0",
"00933","PO BOX","San Juan",,,"PR","San Juan","America/Puerto_Rico",,"18.4","-66.06","NA","US","0","0",
"00934","STANDARD","Fort Buchanan","Ft Buchanan","Urb Coconut Grove, Urb Coqui Gdns, Urb Las Colinas","PR",,,,"18.41","-66.11","NA","US","0","0",
"00935","UNIQUE","San Juan",,"Centro Medico Metropolitano","PR","San Juan","America/Puerto_Rico",,"18.4","-66.06","NA","US","0","0",
"00936","PO BOX","San Juan","Barrio Obrero, Caparra, Cupey, Gpo, Loiza Street, Minillas, Old San Juan, Rio Piedras, San Jose, Santurce, Santurce Station, 65th Infantry","Caparra Heights, Fort Buchanan","PR",,,,"18.4","-66.06","NA","US","0","0",
"00937","PO BOX","San Juan",,,"PR","San Juan","America/Puerto_Rico",,"18.4","-66.06","NA","US","0","0",
"00939","UNIQUE","San Juan",,"Unique Brm","PR","San Juan","America/Puerto_Rico",,"18.4","-66.06","NA","US","0","0",
"00940","PO BOX","San Juan","Minillas, Santurce",,"PR",,,,"18.4","-66.06","NA","US","0","0",
"00949","STANDARD","Toa Baja","Levittown","Alt Hacienda Dorada, Alts De Covadonga, Bo Campanilla, Bo Palo Seco, Brisas De Campanero, Comunidad Punta Salinas, Ext La Inmaculada, Ext Lagos De Plata, Hacienda Del Norte, Hacienda Del Norte 2, Mans Del Lago, Mans Del Mar, Mans Del Norte, Mans Del Sur, Parq Punta Salinas, Pradera, Pradera Norte, Qta Real, Repto Anamar, Res Campanilla, Sect La Pra, Urb Almira, Urb Altagracia, Urb Camino Del Mar, Urb Campanillas, Urb Covadonga, Urb Dos Rios, Urb El Naranjal, Urb El Plantio, Urb La Inmaculada, Urb La Rosaleda I, Urb La Rosaleda Ii, Urb Lagos De Plata, Urb Las Colinas, Urb Las Gaviotas, Urb Levittown, Urb Levittown Lakes, Urb Levittville, Urb Pabellones, Urb San Pedro, Urb Santa Maria, Urb Toaville, Urb Valparaiso, Villa De Levittown, Vista Del Lago","PR",,,"787,939","18.44","-66.25","NA","US","0","0",
"00950","PO BOX","Toa Baja",,,"PR",,,,"18.44","-66.25","NA","US","0","0",
"00951","PO BOX","Toa Baja",,,"PR",,,,"18.44","-66.25","NA","US","0","0",
"00952","STANDARD","Sabana Seca",,"Mans Del Sol","PR","Toa Baja","America/Puerto_Rico",,"18.42","-66.19","NA","US","0","0",
"00953","STANDARD","Toa Alta",,"Alt De Bucabarones, Alts De Montecasino, Alts Del Toa, Brisas De Montecasino, Ciudad Jardin I, Ciudad Jardin Ii, Ciudad Jardin Iii, Colinas De Plata, Est De La Fuente, Hacienda El Pilar, Haciendas De Borinquen, Jard De Casablanca, Jard De Escorial, Jard De La Fuente, Jard De Mediterraneo, Jard De Toa Alta, Mans De Montecasino I, Mans De Montecasino Ii, Mans Del Toa, Praderas Del Rio, Qtas De Plaza Aquarium, Repto San Jose, Sect Los Rodriguez, Terr Del Toa, Urb Casitas De La Fuente, Urb Fuentebella, Urb La Providencia, Urb Las Cascadas, Urb Los Arboles, Urb Madelaine, Urb Monte Lago Est, Urb Monte Sol, Urb Monte Verde, Urb Montecasino, Urb Montecasino Hts, Urb Palacio Imperial, Urb Palacios De Marbella, Urb Palacios De Versalles, Urb Palacios Del Monte, Urb Palacios Del Rio I, Urb Palacios Del Rio Ii, Urb Palacios Reales, Urb Plaza De La Fuente, Urb Portobello, Urb San Fernando, Urb Toa Alta Hts, Urb Toalinda, Urb Town Hls, Urb Veredas Del Rio Ii, Urb Woodbridge Pk, Valle Del Paraiso, Villa Del Monte, Villa Matilde, Vistas Del Rio Iii","PR","Toa Alta","America/Puerto_Rico","787","18.39","-66.25","NA","US","0","0",
"00954","PO BOX","Toa Alta",,,"PR","Toa Alta","America/Puerto_Rico",,"18.39","-66.25","NA","US","0","0",
"00955","PO BOX","San Juan",,,"PR","San Juan","America/Puerto_Rico",,"18.4","-66.06","NA","US","0","0",
"00956","STANDARD","Bayamon",,"Alts De Bayamon, Bosque De Las Flores, Bosque De Las Palmas, Bosque De Los Pinos, Ciudad Interamericana, Est Del Bosque, Ext Campo Alegre, Ext Oller, Ext Santa Juanita, Ext Vista Bella, Haciendas El Zorzal, Jard De Bayamonte, Lomas Verdes, Mans De Sierra Taina, San Juan, Urb Agustin Stahl, Urb Bayamon Hls, Urb Campo Alegre, Urb Country Est, Urb El Cortijo, Urb Forest View, Urb Francisco Oller, Urb Golden Hls, Urb Irlanda Hts, Urb Lomas Verde, Urb Los Faroles, Urb Magnolia Gdns, Urb Royal Palm, Urb Royal Town, Urb Santa Juanita, Urb Sunny Hls, Valle Bello Chalets, Villa Contessa, Villas De Buena Vista, Villas De Santa Juanita, Villas Del Caribe, Vista Bella","PR","BayamÃ³n","America/Puerto_Rico","787","18.28","-66.13","NA","US","0","0",
"00957","STANDARD","Bayamon",,"Alt De Cana, Alt De Sans Souci, Bda Calderon, Bo Los Angeles, Colinas De Bayoan, Est De Cerro Gordo, Ext Rexville, Parc Van Scoy, San Juan, Urb Alhambra, Urb Bayamon Gdns, Urb Bella Vista, Urb Cana, Urb Flamingo Hls, Urb Flamingo Ter, Urb Los Dominicos, Urb May Fair, Urb Miraflores, Urb Montanez, Urb Panorama, Urb Panorama Vlg, Urb Patio De Rexville, Urb Rexville, Urb Royal Gdns, Urb San Fernando, Urb Sans Souci, Urb Santa Catalina, Urb Santa Elena, Urb Santa Elenita, Urb Santa Monica, Urb Sierra Linda, Valle De Cerro Gordo, Villa Arrieta, Vista Alta","PR","BayamÃ³n","America/Puerto_Rico","787,939","18.28","-66.13","NA","US","0","0",
"00958","PO BOX","Bayamon",,,"PR","BayamÃ³n","America/Puerto_Rico",,"18.28","-66.13","NA","US","0","0",
"00959","STANDARD","Bayamon",,"Alt De Flamboyan, Alt Del Rio, Bda Pesquera, Bo Cerro Gordo, Bo Hato Tejas, Colinas Vista Alegre, Ext Forest Hls, Ext Hnas Davila, Ext La Milagrosa, Ext Villa Rica, Ind Minillas, Jard De Caparra, Parc Juan Sanchez, Parq De Torrimar, Parq Flamingo, Parq San Miguel, Parq Valencia, Qtas De Flamingo, Qtas Del Norte, Repto Davila, Repto Flamingo, Repto Rivera, Repto Valencia, San Juan, Urb Altos De Torrimar, Urb Braulio Dueno, Urb Casa Linda Ct, Urb Flamboyan Gdns, Urb Forest Hls, Urb Hnas Davila, Urb La Milagrosa, Urb Las Americas, Urb Riberas Del Rio, Urb San Rafael Est, Urb San Rafael Est Ii, Urb Santa Rosa, Urb Tortuguero, Urb Versalles, Urb Victoria Hts, Villa Betania, Villa De San Agustin, Villa Del Rio Bayamon, Villa Rica, Villa Verde, Villas De Caparra, Villas De San Miguel, Vista Alegre","PR","BayamÃ³n","America/Puerto_Rico","787","18.28","-66.13","NA","US","0","0",
"00960","PO BOX","Bayamon",,"San Juan","PR",,,,"18.28","-66.13","NA","US","0","0",
"00961","STANDARD","Bayamon",,"Bda La Cambija, Bo Hato Tejas, Bo Volcan, Bo Volcan Arenas, Ind Corujo, Ind Luchetti, Qta Del Rio, Qtas De Boulevar, Repto Teresita, Sect Punta Brava, Urb Campo Verde, Urb El Coqui, Urb Enramada, Urb Estancias, Urb Fronteras, Urb Los Almendros, Urb Mirabella Vlg, Urb Monte Claro, Urb Rio Hondo 1, Urb Rio Hondo 2, Urb Rio Hondo 3, Urb Rio Hondo 4, Urb Rio Plantation, Urb River Vw, Urb Riverside Park, Urb Santa Cruz, Urb Sierra Bayamon, Urb Veredas, Valle Verde 1, Valle Verde 2, Valle Verde 3, Villa Espana","PR","BayamÃ³n","America/Puerto_Rico","787","18.41","-66.15","NA","US","0","0",
"00962","STANDARD","Catano",,"Bda Vietnam, Bo Juana Matos, Bo Palmas, Guaynabo, Jard De Catano I, Jard De Catano Ii, Parc William Fuertes, Repto Paraiso, San Juan, Sect La Puntilla, Urb Bahia, Urb Bajo Costo, Urb Bay View, Urb Catano Pueblo, Urb El Coqui 2, Urb Las Vegas, Urb Marina Bahia, Urb Proyecto 141, Villa Aurora, Vista Del Morro","PR","CataÃ±o","America/Puerto_Rico","787","18.43","-66.11","NA","US","0","0",
"00963","PO BOX","Catano",,,"PR","CataÃ±o","America/Puerto_Rico",,"18.43","-66.11","NA","US","0","0",
"00965","STANDARD","Guaynabo",,"Bda Vietnam, Bo Amelia, Bo Sabana, Villa Concepcion 1, Villa Concepcion 2","PR","Guaynabo","America/Puerto_Rico","787","18.38","-66.11","NA","US","0","0",
"00966","STANDARD","Guaynabo",,"Alt De Torrimar, Bda Buen Samaritano, Bda San Miguel, Bo Buen Samaritano, Bo Juan Domingo, Chalet De La Reina, Est De Torrimar, Ext Victor Braeger, Ext Villa Caparra, Mans De Tintillo, Mans Garden Hls, Parq De Villa Caparra, Parq Mediterraneo, Repto Santana, Terrs De Tintillo, Urb Arboleda, Urb Garden Ct, Urb Garden Hls, Urb Garden Hls Est, Urb Garden Hls Villas, Urb Gardenville, Urb Los Frailes Norte, Urb Martin Ct, Urb Novas Ct, Urb Prado Alto, Urb Sevilla Biltmore, Urb Suchville, Urb Susan Ct, Urb Susan Ct Chalets, Urb Tintillo Gdns, Urb Tintillo Hls, Urb Torrimar, Urb Victor Braeger, Villa Caparra, Villa Verde, Villas De Caparra, Villas De Prado Alto, Villas De Tintillos, Villas De Trujillo","PR","Guaynabo","America/Puerto_Rico","787,939","18.38","-66.11","NA","US","0","0",
"00968","STANDARD","Guaynabo",,"Alt De San Patricio, Amelia Ind Park, Caparra Hls Ind Park, Ext Alts De San Patricio, Metro Office Park, Parq San Patricio, Rexco Ind Park, Urb Caparra Hls, Urb Golden Gate, Urb Parkside, Urb San Patricio, Urb San Patricio Meadows","PR","Guaynabo","America/Puerto_Rico","787","18.38","-66.11","NA","US","0","0",
"00969","STANDARD","Guaynabo",,"Alt De Santa Maria, Alt De Torrimar, Alt De Torrimar Este, Bosque De Los Frailes, Chalets De Altavista, Chalets De Santa Clara, Colinas De Guaynabo, Colinas De Parkville, Colinas Metropolitana, Est Del Parque, Est Reales, Ext Parkville, Ext Santa Paula, Ext Terrs De Guaynabo, Mans De Alejandrino, Mans De Guaynabo, Mans De Santa Paula, Mans Reales, Parq De Bucare, Parq De Bucare Ii, Parq San Ramon, Parq Torremolinos, Qtas Reales, Repto La Esperanza, Terrs De Guaynabo, Urb Alto Apolo, Urb Alto Apolo States, Urb Apolo, Urb Baldwin Mansions, Urb Baldwin Park, Urb Bellomonte, Urb Bucare, Urb Bucare Gdns, Urb Cerro Real, Urb Colimar, Urb Collegeville, Urb El Alamo, Urb El Jard De Guaynabo, Urb El Palmar De Torrimar, Urb Frailes Sur, Urb Highland Gdns, Urb Juan Ponce De Leon, Urb La Colina, Urb La Lomita, Urb La Villa De Torrimar, Urb Los Frailes Sur, Urb Mallorca, Urb Monte Alvernia, Urb Monte Olimpo, Urb Munoz Rivera, Urb Oasis Gdns, Urb Palma Real, Urb Parkville, Urb Pineiro, Urb Ponce De Leon, Urb San Francisco Javier, Urb San Ramon, Urb Santa Clara, Urb Santa Paula, Urb Sierra Berdecia, Urb Terranova, Urb Tierra Alta I, Urb Tierra Alta Ii, Urb Tierra Alta Iii, Urb Torremolinos, Urb Torrimar Est, Villa Avila, Villa Clementina, Villa Lissette, Villas Del Parque, Villas Reales, Vistas De Guaynabo","PR","Guaynabo","America/Puerto_Rico","787","18.38","-66.11","NA","US","0","0",
"00970","PO BOX","Guaynabo",,,"PR",,,,"18.38","-66.11","NA","US","0","0",
"00971","STANDARD","Guaynabo",,"Urb Camino Del Monte, Urb La Fontana De Torrimar","PR","Guaynabo","America/Puerto_Rico","787","18.38","-66.11","NA","US","0","0",
"00975","UNIQUE","San Juan",,"Bureau Of Census","PR","San Juan","America/Puerto_Rico",,"18.4","-66.06","NA","US","0","0",
"00976","STANDARD","Trujillo Alto",,"Alt De Fairview, Alt Interamericana, Bda Gonzalez, Bosque Del Lago, Ciudad Universitaria, Colinas De Fairview, Jard De Trujillo, Lomas De Trujillo, Mans San Rafael, Parc Saint Just, Parq Del Monte, Parq Del Rio, Parq Montebello, Repto San Rafael, Saint Just, Terr De Cupey, Urb Altavilla, Urb Antillana, Urb Corrientes, Urb El Conquistador, Urb Entrerios, Urb Golden Hls, Urb Interamericana Gdn, Urb La Cima, Urb Lago Alto, Urb Lantigua, Urb Lourdes, Urb Monte Trujillo, Urb Montebello Est, Urb Pacifica, Urb Primavera, Urb Riachuelo, Urb Rincon Espanol, Urb Rio Cristal, Urb Riverwalk, Urb Round Hls, Urb San Rafael Vlg, Urb Sunville, Urb Wonderville, Valle San Juan, Villa Blanca, Villa De Caney, Villas Del Sol","PR","Trujillo Alto","America/Puerto_Rico","787,939","18.36","-66.01","NA","US","0","0",
"00977","PO BOX","Trujillo Alto",,,"PR",,,,"18.36","-66.01","NA","US","0","0",
"00978","PO BOX","Saint Just",,"Trujillo Alto","PR","San Juan","America/Puerto_Rico",,"18.37","-66.01","NA","US","0","0","no NWS data, "
"00979","STANDARD","Carolina",,"Ext Villamar, Isla Verde, Parq De Isla Verde, Urb Atlantic View, Urb Biascochea, Urb Cape Sea Vlg, Urb La Marina, Urb Los Angeles, Urb Palmar Norte, Urb Palmar Sur, Urb Villamar, Villa La Marina","PR","Carolina","America/Puerto_Rico","787","18.4","-65.98","NA","US","0","0",
"00981","PO BOX","Carolina",,"Isla Verde","PR","Carolina","America/Puerto_Rico",,"18.4","-65.98","NA","US","0","0",
"00982","STANDARD","Carolina",,"Alt De Villa Fontana, Isla Verde, Qtas De Country Club, Urb Country Club, Urb El Comandante, Villa Flores","PR","Carolina","America/Puerto_Rico","787","18.4","-65.98","NA","US","0","0",
"00983","STANDARD","Carolina",,"Isla Verde, Jard De Country Club, La Ceramica Ind Park, Mans De Vistamar Marina, Urb Bahia Vistamar, Urb Castellana Gdn, Urb Club Costa Marina 1, Urb Club Costa Marina 2, Urb Eduardo J Saldana, Urb Sabana Gdns, Urb Vistamar, Urb Vistamar Marina, Valle Arriba Hts, Villa Asturias, Villa Fontana, Villa Fontana Pk, Villa Venecia","PR","Carolina","America/Puerto_Rico",,"18.4","-65.98","NA","US","0","0",
"00984","PO BOX","Carolina",,,"PR","Carolina","America/Puerto_Rico",,"18.4","-65.98","NA","US","0","0",
"00985","STANDARD","Carolina",,"Bda Buena Vista, Bo Buena Vista, Bo Villa Caridad, Bo Villa Esperanza, Bo Villa Justicia, Est De San Fernando, Isla Verde, Jard De Borinquen, Jard De Buena Vista, Urb Jose S Quinones, Urb Rosa Maria, Villa Carolina, Villa Cooperativa, Villas Del Sol","PR","Carolina","America/Puerto_Rico","787","18.4","-65.98","NA","US","0","0",
"00986","PO BOX","Carolina",,,"PR","Carolina","America/Puerto_Rico",,"18.4","-65.98","NA","US","0","0",
"00987","STANDARD","Carolina",,"Alt De Parq Ecuestre, Bo Buenaventura, Bo Colo, Bo Martin Gonzalez, Brisas De Metropolis, Ciudad Central Ii, Ciudad Centro, Ciudad Jardin, Est Del Parque, Ext Parq Ecuestre, Hacienda Real, Isla Verde, Jard De Carolina, Loma Alta, Lomas De Carolina, Mans De Carolina, Parq Ecuestre, Parq Ind Jn Matos, Paseo De La Alhambra, Paseo Del Prado, Qtas De Campeche, Terrs De Carolina, Urb Carolina Alta, Urb Colinitas De Cacao, Urb Los Arboles, Urb Los Caciques, Urb Los Colobos, Urb Metropolis, Urb Mountain Vw, Urb Paraiso De Carolina, Urb Remanzo Taino, Urb Rolling Hls, Valle Escondido, Villa De San Anton, Villa Del Madrigal","PR","Carolina","America/Puerto_Rico","787","18.4","-65.98","NA","US","0","0",
"00988","PO BOX","Carolina",,,"PR","Carolina","America/Puerto_Rico",,"18.4","-65.98","NA","US","0","0",
"01001","STANDARD","Agawam",,,"MA","Hampden County","America/New_York","413","42.06","-72.61","NA","US","0","14021",
"01002","STANDARD","Amherst","Cushman, Pelham","South Amherst","MA","Hampshire County","America/New_York","413","42.37","-72.52","NA","US","0","16532",
"01003","PO BOX","Amherst",,,"MA","Hampshire County","America/New_York","413","42.37","-72.52","NA","US","0","0",
"01004","PO BOX","Amherst",,,"MA","Hampshire County","America/New_York","413","42.37","-72.52","NA","US","0","742",
"01005","STANDARD","Barre",,,"MA","Worcester County","America/New_York","978","42.42","-72.1","NA","US","0","3935",
"01007","STANDARD","Belchertown",,,"MA","Hampshire County","America/New_York","413","42.27","-72.4","NA","US","0","12895",
"01008","STANDARD","Blandford",,,"MA","Hampden County","America/New_York","413","42.18","-72.93","NA","US","0","1153",
"01009","PO BOX","Bondsville",,,"MA","Hampden County","America/New_York","413","42.2","-72.34","NA","US","0","1055",
"01010","STANDARD","Brimfield",,"East Brimfield","MA","Hampden County","America/New_York","413","42.11","-72.2","NA","US","0","3312",
"01011","STANDARD","Chester",,,"MA","Hampden County","America/New_York","413","42.28","-72.98","NA","US","0","1012",
"01012","STANDARD","Chesterfield",,,"MA","Hampshire County","America/New_York","413","42.4","-72.85","NA","US","0","639",
"01013","STANDARD","Chicopee","Willimansett",,"MA","Hampden County","America/New_York","413","42.17","-72.57","NA","US","0","16669",
"01014","PO BOX","Chicopee",,,"MA","Hampden County","America/New_York","413","42.17","-72.57","NA","US","0","0",
"01020","STANDARD","Chicopee",,,"MA","Hampden County","America/New_York","413","42.17","-72.57","NA","US","0","24570",
"01021","PO BOX","Chicopee",,,"MA","Hampden County","America/New_York","413","42.17","-72.57","NA","US","0","509",
"01022","STANDARD","Chicopee","Westover Afb",,"MA","Hampden County","America/New_York","413","42.17","-72.57","NA","US","0","1713",
"01026","STANDARD","Cummington",,"West Cummington","MA","Hampshire County","America/New_York","413","42.46","-72.9","NA","US","0","865",
"01027","STANDARD","Easthampton","E Hampton, Mount Tom, Westhampton","Loudville","MA","Hampshire County","America/New_York","413","42.26","-72.68","NA","US","0","15525",
"01028","STANDARD","East Longmeadow","E Longmeadow",,"MA","Hampden County","America/New_York","413","42.06","-72.51","NA","US","0","14024",
"01029","PO BOX","East Otis",,"Big Pond, E Otis","MA","Berkshire County","America/New_York","413","42.17","-73.03","NA","US","0","509",
"01030","STANDARD","Feeding Hills",,,"MA","Hampden County","America/New_York","413","42.06","-72.67","NA","US","0","10449",
"01031","STANDARD","Gilbertville",,"Old Furnace","MA","Worcester County","America/New_York","413","42.35","-72.21","NA","US","0","932",
"01032","STANDARD","Goshen",,"Lithia","MA","Hampshire County","America/New_York","413","42.43","-72.8","NA","US","0","489",
"01033","STANDARD","Granby",,,"MA","Hampshire County","America/New_York","413","42.26","-72.52","NA","US","0","5647",
"01034","STANDARD","Granville","Tolland","Granville Center, West Granville","MA","Hampden County","America/New_York","413","42.06","-72.86","NA","US","0","1787",
"01035","STANDARD","Hadley",,"North Hadley","MA","Hampshire County","America/New_York","413","42.35","-72.58","NA","US","0","4327",
"01036","STANDARD","Hampden",,"Hampton","MA","Hampden County","America/New_York","413","42.06","-72.41","NA","US","0","4700",
"01037","PO BOX","Hardwick",,,"MA","Worcester County","America/New_York","413","42.35","-72.2","NA","US","0","714",
"01038","STANDARD","Hatfield",,"West Hatfield","MA","Hampshire County","America/New_York","413","42.37","-72.6","NA","US","0","2161",
"01039","STANDARD","Haydenville","West Whately",,"MA","Hampshire County","America/New_York","413","42.39","-72.7","NA","US","0","1228",
"01040","STANDARD","Holyoke",,"Halyoke","MA","Hampden County","America/New_York","413","42.21","-72.64","NA","US","0","26316",
"01041","PO BOX","Holyoke",,"Halyoke","MA","Hampden County","America/New_York","413","42.21","-72.64","NA","US","0","997",
"01050","STANDARD","Huntington","Montgomery","Crescent Mills, Hntgtn, Knightville, North Chester, South Worthington","MA","Hampshire County","America/New_York","413","42.23","-72.88","NA","US","0","2282",
"01053","STANDARD","Leeds",,,"MA","Hampshire County","America/New_York","413","42.35","-72.71","NA","US","0","1407",
"01054","STANDARD","Leverett",,"East Leverett, North Leverett","MA","Franklin County","America/New_York","413","42.45","-72.5","NA","US","0","1620",
"01056","STANDARD","Ludlow",,,"MA","Hampden County","America/New_York","413","42.16","-72.48","NA","US","0","17529",
"01057","STANDARD","Monson",,,"MA","Hampden County","America/New_York","413","42.09","-72.31","NA","US","0","7429",
"01059","PO BOX","North Amherst","Amherst",,"MA","Hampshire County","America/New_York","413","42.4","-72.52","NA","US","0","0",
"01060","STANDARD","Northampton",,"North Hampton","MA","Hampshire County","America/New_York","413","42.32","-72.67","NA","US","0","10304",
"01061","PO BOX","Northampton",,"North Hampton","MA","Hampshire County","America/New_York","413","42.32","-72.67","NA","US","0","423",
"01062","STANDARD","Florence","Bay State Village, Bay State Vlg, Northampton","North Hampton","MA","Hampshire County","America/New_York","413","42.32","-72.67","NA","US","0","9483",
"01063","UNIQUE","Northampton",,"North Hampton, Smith College","MA","Hampshire County","America/New_York","413","42.32","-72.67","NA","US","0","0",
"01066","PO BOX","North Hatfield","N Hatfield","No Hatfield","MA","Franklin County","America/New_York","413","42.4","-72.6","NA","US","0","0",
"01068","STANDARD","Oakham",,,"MA","Worcester County","America/New_York","508,774","42.35","-72.05","NA","US","0","1807",
"01069","STANDARD","Palmer",,,"MA","Hampden County","America/New_York","413","42.16","-72.32","NA","US","0","6950",
"01070","STANDARD","Plainfield",,,"MA","Hampshire County","America/New_York","413","42.51","-72.91","NA","US","0","467",
"01071","STANDARD","Russell",,,"MA","Hampden County","America/New_York","413","42.18","-72.85","NA","US","0","1376",
"01072","STANDARD","Shutesbury",,,"MA","Franklin County","America/New_York","413","42.45","-72.4","NA","US","0","1269",
"01073","STANDARD","Southampton",,,"MA","Hampshire County","America/New_York","413","42.23","-72.73","NA","US","0","5385",
"01074","PO BOX","South Barre",,,"MA","Worcester County","America/New_York","978","42.38","-72.09","NA","US","0","525",
"01075","STANDARD","South Hadley",,"S Hadley, So Hadley, South Hadley Falls","MA","Hampshire County","America/New_York","413","42.26","-72.56","NA","US","0","14184",
"01077","STANDARD","Southwick",,,"MA","Hampden County","America/New_York","413","42.05","-72.76","NA","US","0","8567",
"01079","PO BOX","Thorndike",,,"MA","Hampden County","America/New_York","413","42.18","-72.33","NA","US","0","766",
"01080","STANDARD","Three Rivers",,,"MA","Hampden County","America/New_York","413","42.18","-72.37","NA","US","0","1888",
"01081","STANDARD","Wales",,,"MA","Hampden County","America/New_York","413","42.06","-72.21","NA","US","0","1491",
"01082","STANDARD","Ware","Hardwick",,"MA","Hampshire County","America/New_York","413","42.25","-72.24","NA","US","0","8509",
"01083","PO BOX","Warren",,,"MA","Worcester County","America/New_York","413","42.21","-72.19","NA","US","0","2519",
"01084","STANDARD","West Chesterfield","W Chesterfld",,"MA","Hampshire County","America/New_York","413","42.41","-72.87","NA","US","0","0",
"01085","STANDARD","Westfield","Montgomery",,"MA","Hampden County","America/New_York","413","42.13","-72.75","NA","US","0","32344",
"01086","PO BOX","Westfield",,,"MA","Hampden County","America/New_York","413","42.13","-72.75","NA","US","0","664",
"01088","STANDARD","West Hatfield","W Hatfield",,"MA","Hampshire County","America/New_York","413","42.39","-72.64","NA","US","0","458",
"01089","STANDARD","West Springfield","W Springfield","West Springfld","MA","Hampden County","America/New_York","413","42.12","-72.65","NA","US","0","23043",
"01090","PO BOX","West Springfield","W Springfield",,"MA","Hampden County","America/New_York","413","42.12","-72.65","NA","US","0","404",
"01092","PO BOX","West Warren",,"W Warren","MA","Worcester County","America/New_York","413","42.2","-72.2","NA","US","0","1063",
"01093","PO BOX","Whately",,,"MA","Franklin County","America/New_York","413","42.45","-72.61","NA","US","0","476",
"01094","PO BOX","Wheelwright",,,"MA","Worcester County","America/New_York","413","42.35","-72.14","NA","US","0","0",
"01095","STANDARD","Wilbraham",,,"MA","Hampden County","America/New_York","413","42.13","-72.43","NA","US","0","13107",
"01096","STANDARD","Williamsburg",,"S Chesterfield, South Chesterfield","MA","Hampshire County","America/New_York","413","42.4","-72.71","NA","US","0","2266",
"01097","PO BOX","Woronoco",,,"MA","Hampden County","America/New_York","413","42.19","-72.82","NA","US","0","0",
"01098","STANDARD","Worthington",,,"MA","Hampshire County","America/New_York","413","42.41","-72.93","NA","US","0","1076",
"01101","PO BOX","Springfield",,"Spfld","MA","Hampden County","America/New_York","413","42.11","-72.53","NA","US","0","1531",
"01102","PO BOX","Springfield",,"Spfld","MA","Hampden County","America/New_York","413","42.11","-72.53","NA","US","0","0",
"01103","STANDARD","Springfield",,"Spfld","MA","Hampden County","America/New_York","413","42.11","-72.53","NA","US","0","1533",
"01104","STANDARD","Springfield",,"Spfld","MA","Hampden County","America/New_York","413","42.11","-72.53","NA","US","0","15795",
"01105","STANDARD","Springfield",,"Spfld","MA","Hampden County","America/New_York","413","42.11","-72.53","NA","US","0","6054",
"01106","STANDARD","Longmeadow","Spfld, Springfield",,"MA","Hampden County","America/New_York","413","42.04","-72.57","NA","US","0","14332",
"01107","STANDARD","Springfield",,"Brightwood, Spfld","MA","Hampden County","America/New_York","860,413","42.11","-72.53","NA","US","0","6360",
"01108","STANDARD","Springfield",,"Spfld","MA","Hampden County","America/New_York","413","42.11","-72.53","NA","US","0","17151",
"01109","STANDARD","Springfield",,"Spfld","MA","Hampden County","America/New_York","413","42.11","-72.53","NA","US","0","17988",
"01111","UNIQUE","Springfield",,"Mass Mutual Life Ins Co","MA","Hampden County","America/New_York","413","42.11","-72.53","NA","US","0","0",
"01115","PO BOX","Springfield",,"Bay State W Tower","MA","Hampden County","America/New_York","413","42.11","-72.53","NA","US","0","0",
"01116","PO BOX","Longmeadow","E Longmeadow, East Longmeadow",,"MA","Hampden County","America/New_York","413","42.04","-72.57","NA","US","0","0",
"01118","STANDARD","Springfield",,"Spfld","MA","Hampden County","America/New_York","413","42.11","-72.53","NA","US","0","11858",
"01119","STANDARD","Springfield",,"Spfld","MA","Hampden County","America/New_York","413","42.11","-72.53","NA","US","0","9915",
"01128","STANDARD","Springfield",,"Spfld","MA","Hampden County","America/New_York","413","42.11","-72.53","NA","US","0","2510",
"01129","STANDARD","Springfield",,"Spfld","MA","Hampden County","America/New_York","413","42.11","-72.53","NA","US","0","5884",
"01133","UNIQUE","Springfield",,"Monarch Life Ins Co","MA","Hampden County","America/New_York","413","42.1","-72.59","NA","US","1","0","Converted Decommisioned Zipcodes"
"01138","PO BOX","Springfield",,"Spfld","MA","Hampden County","America/New_York","413","42.11","-72.53","NA","US","0","509",
"01139","PO BOX","Springfield",,"Spfld","MA","Hampden County","America/New_York","413","42.11","-72.53","NA","US","0","0",
"01144","STANDARD","Springfield",,,"MA","Hampden County","America/New_York","413","42.11","-72.53","NA","US","0","0",
"01151","STANDARD","Indian Orchard","Indian Orch, Springfield","Spfld","MA","Hampden County","America/New_York","413","42.15","-72.51","NA","US","0","6080",
"01152","STANDARD","Springfield",,"General Mail Facility-bmc","MA","Hampden County","America/New_York","413","42.11","-72.53","NA","US","0","0",
"01195","STANDARD","Springfield","Springfield Bmc",,"MA","Hampden County","America/New_York","413","42.1","-72.58","NA","US","1","0","Converted Decommisioned Zipcodes;  Historical ZipCodeType from various website"
"01199","UNIQUE","Springfield",,"Baystate Medical, Spfld","MA","Hampden County","America/New_York","413","42.11","-72.53","NA","US","0","0",
"01201","STANDARD","Pittsfield",,"Allendale","MA","Berkshire County","America/New_York","413","42.45","-73.26","NA","US","0","36002",
"01202","PO BOX","Pittsfield",,,"MA","Berkshire County","America/New_York","413","42.45","-73.26","NA","US","0","1186",
"01203","PO BOX","Pittsfield",,,"MA","Berkshire County","America/New_York","413","42.45","-73.26","NA","US","0","0",
"01220","STANDARD","Adams",,,"MA","Berkshire County","America/New_York","413","42.62","-73.11","NA","US","0","6993",
"01222","STANDARD","Ashley Falls",,,"MA","Berkshire County","America/New_York","413","42.05","-73.33","NA","US","0","681",
"01223","STANDARD","Becket","Washington","Becket Corners, Sherwood Forest","MA","Berkshire County","America/New_York","413","42.33","-73.07","NA","US","0","1964",
"01224","STANDARD","Berkshire","Lanesboro",,"MA","Berkshire County","America/New_York","413","42.51","-73.19","NA","US","0","0",
"01225","STANDARD","Cheshire",,,"MA","Berkshire County","America/New_York","413","42.55","-73.15","NA","US","0","2990",
"01226","STANDARD","Dalton",,,"MA","Berkshire County","America/New_York","413","42.47","-73.16","NA","US","0","5793",
"01227","PO BOX","Dalton",,,"MA","Berkshire County","America/New_York","413","42.47","-73.16","NA","US","0","0",
"01229","PO BOX","Glendale",,,"MA","Berkshire County","America/New_York","413","42.3","-73.32","NA","US","0","0",
"01230","STANDARD","Great Barrington","Egremont, Gt Barrington, N Egremont, New Marlboro, New Marlborou, New Marlborough, North Egremont, Simons Rock","Alford, Berkshire Heights, Hartsville, Risingdale, Van Deusenville","MA","Berkshire County","America/New_York","413","42.19","-73.35","NA","US","0","5873"